event_id,timestamp,date,time,process_name,stage,start_time,end_time,duration_seconds,duration_formatted,author,character,additional_data
223b6d7a-3a0a-4685-a417-49fceea2aa4a,2026-04-20T07:52:58.795360,2026-04-20,07:52:58,GitHub_Repository_Creation,START,2026-04-20T07:52:58.795330,2026-04-20T07:52:58.795363,3.3e-05,0:00:00.000033,AI_Agent_Lisa,DigitalAuditor,"{""repository_name"": ""DigitalAuditor_Cleshnya"", ""description"": ""\u0422\u0435\u0441\u0442\u043e\u0432\u044b\u0439 \u043f\u0440\u043e\u0435\u043a\u0442""}"
f89b43c4-4f2e-40f0-adb8-8ff6a610b711,2026-04-20T07:52:58.795385,2026-04-20,07:52:58,GitHub_Repository_Creation,Local_Structure_Creation,2026-04-20T07:52:58.795312,2026-04-20T07:52:58.795368,5.6e-05,0:00:00.000056,AI_Agent_Lisa,DigitalAuditor,"{""files_created"": [""README.md""], ""git_initialized"": true}"
59125ab8-eedb-4928-b23b-9234888e3bfd,2026-04-20T07:52:58.795398,2026-04-20,07:52:58,GitHub_Repository_Creation,Publication_Preparation,2026-04-20T07:52:58.795312,2026-04-20T07:52:58.795389,7.7e-05,0:00:00.000077,AI_Agent_Lisa,DigitalAuditor,"{""authentication_required"": true, ""manual_publication_needed"": true}"
8e35b845-713a-4248-8d26-21ec6070337a,2026-04-20T07:52:58.795411,2026-04-20,07:52:58,GitHub_Repository_Creation,END,2026-04-20T07:52:58.795330,2026-04-20T07:52:58.795403,7.3e-05,0:00:00.000073,AI_Agent_Lisa,DigitalAuditor,"{""status"": ""ready_for_github"", ""requires_manual_action"": true}"
3b6b59e0-33b0-4f7d-afa7-5a10a1f3949b,2026-04-20T07:52:58.795422,2026-04-20,07:52:58,Process_Mining_System_Creation,START,2026-04-20T07:52:58.795415,2026-04-20T07:52:58.795424,9e-06,0:00:00.000009,AI_Agent_Lisa,DigitalAuditor,"{""purpose"": ""Agent_work_tracking"", ""formats"": [""JSON"", ""Text"", ""CSV""]}"
d6733472-43bb-4287-93a3-248bf6efad88,2026-04-20T07:52:58.795435,2026-04-20,07:52:58,Process_Mining_System_Creation,Core_Logger_Development,2026-04-20T07:52:58.795415,2026-04-20T07:52:58.795426,1.1e-05,0:00:00.000011,AI_Agent_Lisa,DigitalAuditor,"{""classes_created"": [""ProcessEvent"", ""ProcessMiningLogger""], ""features"": [""JSON"", ""Text"", ""CSV export""]}"
5194b910-b2d3-4556-98f9-c662da1a6a45,2026-04-20T07:52:58.795445,2026-04-20,07:52:58,Process_Mining_System_Creation,Unit_Tests_Development,2026-04-20T07:52:58.795415,2026-04-20T07:52:58.795437,2.2e-05,0:00:00.000022,AI_Agent_Lisa,DigitalAuditor,"{""test_classes"": [""TestProcessEvent"", ""TestProcessMiningLogger""], ""integration_tests"": true}"
693ab1cb-ebfa-4b6c-859d-6342e4b667d2,2026-04-20T07:52:58.795454,2026-04-20,07:52:58,Process_Mining_System_Creation,System_Testing,2026-04-20T07:52:58.795415,2026-04-20T07:52:58.795447,3.2e-05,0:00:00.000032,AI_Agent_Lisa,DigitalAuditor,"{""all_tests_passed"": true, ""performance_tested"": true}"
e0b33cc1-d3c1-4549-9675-b4c13a12b620,2026-04-20T07:52:58.795464,2026-04-20,07:52:58,Process_Mining_System_Creation,END,2026-04-20T07:52:58.795415,2026-04-20T07:52:58.795457,4.2e-05,0:00:00.000042,AI_Agent_Lisa,DigitalAuditor,"{""system_complete"": true, ""ready_for_production"": true}"
